COUNTRY,ISO3,WHO_REGION,DATA_SOURCE,DATE_UPDATED,TOTAL_VACCINATIONS,PERSONS_VACCINATED_1PLUS_DOSE,TOTAL_VACCINATIONS_PER100,PERSONS_VACCINATED_1PLUS_DOSE_PER100,PERSONS_FULLY_VACCINATED,PERSONS_FULLY_VACCINATED_PER100,VACCINES_USED,FIRST_VACCINE_DATE,NUMBER_VACCINES_TYPES_USED,PERSONS_BOOSTER_ADD_DOSE,PERSONS_BOOSTER_ADD_DOSE_PER100
Afghanistan,AFG,EMRO,REPORTING,2022-11-16,12216936,11236798,31.383,28.865,10531675,27.054,"AstraZeneca - Vaxzevria,Beijing CNBG - BBIBP-CorV,Bharat - Covaxin,CanSino - Convidecia,Gamaleya - Gam-Covid-Vac,Gamaleya - Sputnik-Light,Janssen - Ad26.COV 2-S,Moderna - Spikevax,Pfizer BioNTech - Comirnaty,SII - Covishield,Sinovac - CoronaVac",2021-02-22,11,,
Albania,ALB,EURO,REPORTING,2022-11-13,3011499,1340678,104.6,47.108,1268200,44.561,"AstraZeneca - Vaxzevria,Gamaleya - Gam-Covid-Vac,Pfizer BioNTech - Comirnaty,SII - Covishield,Sinovac - CoronaVac",2021-01-13,5,371665,13.059
Algeria,DZA,AFRO,REPORTING,2022-09-04,15267442,7840131,34.817,17.879,6481186,14.78,"Beijing CNBG - BBIBP-CorV,Gamaleya - Gam-Covid-Vac,SII - Covishield,Sinovac - CoronaVac",2021-01-30,4,575651,1.313
American Samoa,ASM,WPRO,REPORTING,2022-08-23,111316,44885,201.67,81.318,41423,75.046,"Janssen - Ad26.COV 2-S,Moderna - Spikevax,Pfizer BioNTech - Comirnaty",2020-12-21,3,24160,43.77
Andorra,AND,EURO,REPORTING,2022-11-13,154367,57901,199.8,76.009,53485,70.211,"AstraZeneca - Vaxzevria,Moderna - Spikevax,Pfizer BioNTech - Comirnaty",2021-01-20,3,42981,56.423
Angola,AGO,AFRO,REPORTING,2022-11-20,23229526,14220830,70.679,43.269,7814121,23.776,SII - Covishield,2021-03-10,1,1127156,3.43
Anguilla,AIA,AMRO,REPORTING,2022-11-11,24434,10852,162.872,72.337,10366,69.097,"AstraZeneca - Vaxzevria,Pfizer BioNTech - Comirnaty",2021-02-05,2,2998,19.984
Antigua and Barbuda,ATG,AMRO,REPORTING,2022-11-11,136512,64290,139.399,65.65,62384,63.703,"AstraZeneca - Vaxzevria,Beijing CNBG - BBIBP-CorV,Gamaleya - Gam-Covid-Vac,Janssen - Ad26.COV 2-S,Pfizer BioNTech - Comirnaty,SII - Covishield",2021-03-01,6,9838,10.046
Argentina,ARG,AMRO,REPORTING,2022-10-07,109652736,41324100,242.617,91.434,37840119,83.725,"AstraZeneca - Vaxzevria,Beijing CNBG - BBIBP-CorV,CanSino - Convidecia,Gamaleya - Gam-Covid-Vac,Moderna - Spikevax,Pfizer BioNTech - Comirnaty,SII - Covishield",2020-12-29,7,30810184,68.17
Armenia,ARM,EURO,REPORTING,2022-05-22,2150112,1129669,72.6,38.123,985807,33.268,"AstraZeneca - Vaxzevria,Beijing CNBG - BBIBP-CorV,Gamaleya - Gam-Covid-Vac,Gamaleya - Sputnik-Light,Moderna - Spikevax,Pfizer BioNTech - Comirnaty,Sinovac - CoronaVac,Wuhan CNBG - Inactivated",2021-06-16,8,40725,1.374
Aruba,ABW,AMRO,REPORTING,2022-11-11,173826,90010,162.81,84.306,83816,78.504,"Janssen - Ad26.COV 2-S,Pfizer BioNTech - Comirnaty",2021-02-17,2,,
Australia,AUS,WPRO,REPORTING,2022-11-16,64155076,22235864,251.59,87.2,21654109,84.918,"AstraZeneca - Vaxzevria,Janssen - Ad26.COV 2-S,Moderna - Spikevax,Novavax-NUVAXOVID,Pfizer BioNTech - Comirnaty",2021-02-21,5,14285655,56.022
Austria,AUT,EURO,REPORTING,2022-11-13,19950484,6892894,224.1,77.546,6675170,74.993,"AstraZeneca - Vaxzevria,Janssen - Ad26.COV 2-S,Moderna - Spikevax,Moderna – Spikevax Bivalent Original/Omicron BA.1,Novavax-NUVAXOVID,Pfizer BioNTech - Comirnaty,Pfizer BioNTech - Comirnaty Bivalent Original/Omicron BA.1,Pfizer BioNTech - Comirnaty Bivalent Original/Omicron BA.4/BA.5,Unknown Vaccine,Valneva - VLA2001",2020-12-30,10,5380078,60.443
Azerbaijan,AZE,EURO,REPORTING,2022-11-13,13776634,5414548,135.9,53.402,4876211,48.093,"AstraZeneca - Vaxzevria,Gamaleya - Gam-Covid-Vac,Gamaleya - Sputnik-Light,Pfizer BioNTech - Comirnaty,Sinovac - CoronaVac",2021-01-20,5,3485877,34.38
Bahamas,BHS,AMRO,REPORTING,2022-11-11,363832,173843,92.521,44.207,165317,42.039,"AstraZeneca - Vaxzevria,Janssen - Ad26.COV 2-S,Pfizer BioNTech - Comirnaty,SII - Covishield",2021-03-14,4,33460,8.509
Bahrain,BHR,EMRO,REPORTING,2022-11-20,3475295,1241047,204.24,72.935,1226614,72.087,"AstraZeneca - Vaxzevria,Beijing CNBG - BBIBP-CorV,Bharat - Covaxin,CanSino - Convidecia,Gamaleya - Gam-Covid-Vac,Gamaleya - Sputnik-Light,Janssen - Ad26.COV 2-S,Moderna - Spikevax,Pfizer BioNTech - Comirnaty,SII - Covishield,Sinovac - CoronaVac",2020-11-04,11,1007634,59.218
Bangladesh,BGD,SEARO,REPORTING,2022-11-22,331734489,147841430,201.43,89.77,125070034,75.943,"AstraZeneca - Vaxzevria,Beijing CNBG - BBIBP-CorV,Gamaleya - Gam-Covid-Vac,Janssen - Ad26.COV 2-S,Moderna - Spikevax,Pfizer BioNTech - Comirnaty,SII - Covishield,Sinovac - CoronaVac",2021-01-27,8,58823025,35.718
Barbados,BRB,AMRO,REPORTING,2022-11-11,380826,163749,132.519,56.981,154907,53.904,"AstraZeneca - Vaxzevria,Beijing CNBG - BBIBP-CorV,Janssen - Ad26.COV 2-S,Pfizer BioNTech - Comirnaty,SII - Covishield",2021-01-08,5,62170,21.634
Belarus,BLR,EURO,REPORTING,2022-10-30,16326173,6512419,172.8,68.919,6395779,67.685,"Beijing CNBG - BBIBP-CorV,Chumakov - Covi-Vac,Gamaleya - Gam-Covid-Vac,Gamaleya - Sputnik-Light",2021-02-03,4,3632876,38.446
Belgium,BEL,EURO,REPORTING,2022-11-13,28945757,9251404,251.2,80.29,9154570,79.45,"AstraZeneca - Vaxzevria,Janssen - Ad26.COV 2-S,Moderna - Spikevax,Pfizer BioNTech - Comirnaty",2020-12-30,4,7234744,62.788
Belize,BLZ,AMRO,REPORTING,2022-11-11,501356,251385,126.087,63.221,220812,55.532,"AstraZeneca - Vaxzevria,Beijing CNBG - BBIBP-CorV,Janssen - Ad26.COV 2-S,Pfizer BioNTech - Comirnaty,SII - Covishield",2021-03-01,5,51020,12.831
Benin,BEN,AFRO,REPORTING,2022-11-06,3694544,3209393,30.475,26.473,2692837,22.212,"AstraZeneca - Vaxzevria,Janssen - Ad26.COV 2-S,Pfizer BioNTech - Comirnaty,SII - Covishield,Sinovac - CoronaVac",2021-03-29,5,,
Bermuda,BMU,AMRO,REPORTING,2022-11-11,132042,48554,212.037,77.97,47657,76.529,"AstraZeneca - Vaxzevria,Pfizer BioNTech - Comirnaty",2021-01-11,2,31829,51.112
Bhutan,BTN,SEARO,REPORTING,2022-10-30,2011426,699116,260.68,90.605,677669,87.826,"AstraZeneca - Vaxzevria,Beijing CNBG - BBIBP-CorV,Moderna - Spikevax,Pfizer BioNTech - Comirnaty,SII - Covishield",2021-03-27,5,634641,82.249
Bolivia (Plurinational State of),BOL,AMRO,REPORTING,2022-11-11,15468917,7419819,132.519,63.564,6226566,53.342,"AstraZeneca - Vaxzevria,Beijing CNBG - BBIBP-CorV,Gamaleya - Gam-Covid-Vac,Janssen - Ad26.COV 2-S,Moderna - Spikevax,Pfizer BioNTech - Comirnaty,SII - Covishield",2021-01-30,7,2310489,19.793
Bonaire,XAA,AMRO,REPORTING,2022-11-11,41537,17460,198.599,83.481,15919,76.113,,,,8158,39.005
"Bonaire, Sint Eustatius and Saba",BES,AMRO,OWID,2021-09-01,35845,19109,137.934,73.533,16736,64.401,"Moderna - mRNA-1273, Pfizer BioNTech - Comirnaty",,2,,
Bosnia and Herzegovina,BIH,EURO,REPORTING,2022-01-29,1924950,943394,58.7,28.755,846080,25.789,"AstraZeneca - AZD1222, Pfizer BioNTech - Comirnaty, Sinovac - CoronaVac, Gamaleya - Sputnik V",,4,,
Botswana,BWA,AFRO,REPORTING,2022-11-20,3099433,1679676,131.8,71.426,1412496,60.065,"Bharat - Covaxin,Janssen - Ad26.COV 2-S,Moderna - Spikevax,Pfizer BioNTech - Comirnaty,SII - Covishield,Sinovac - CoronaVac",2021-03-26,6,498312,21.19
Brazil,BRA,AMRO,REPORTING,2022-11-11,488462660,185152233,229.801,87.106,167777151,78.932,"AstraZeneca - Vaxzevria,Janssen - Ad26.COV 2-S,Pfizer BioNTech - Comirnaty,SII - Covishield,Sinovac - CoronaVac",2021-01-17,5,104958908,49.379
British Virgin Islands,VGB,AMRO,REPORTING,2022-11-11,41453,19466,137.094,64.378,18261,60.393,"AstraZeneca - Vaxzevria,Janssen - Ad26.COV 2-S",2021-02-11,2,3726,12.323
Brunei Darussalam,BRN,WPRO,REPORTING,2022-11-11,1282008,450287,293.044,102.928,445786,101.899,"AstraZeneca - Vaxzevria,Beijing CNBG - BBIBP-CorV,Janssen - Ad26.COV 2-S,Moderna - Spikevax,Pfizer BioNTech - Comirnaty",2021-04-03,5,338532,77.382
Bulgaria,BGR,EURO,REPORTING,2022-11-13,4588661,2104168,66,30.269,2075683,29.86,"AstraZeneca - Vaxzevria,Janssen - Ad26.COV 2-S,Moderna - Spikevax,Pfizer BioNTech - Comirnaty",2020-12-30,4,820422,11.802
Burkina Faso,BFA,AFRO,REPORTING,2022-10-02,4070678,3079151,19.474,14.73,2658480,12.718,"Beijing CNBG - BBIBP-CorV,Janssen - Ad26.COV 2-S,SII - Covishield",2021-06-02,3,,
Burundi,BDI,AFRO,REPORTING,2022-11-20,28043,26110,0.236,0.22,25526,0.215,Beijing CNBG - BBIBP-CorV,2021-10-18,1,54,0
Cabo Verde,CPV,AFRO,REPORTING,2022-09-25,859940,356734,154.669,64.162,308720,55.526,"Beijing CNBG - BBIBP-CorV,Moderna - Spikevax,Pfizer BioNTech - Comirnaty,SII - Covishield",2021-03-18,4,749,0.135
Cambodia,KHM,WPRO,REPORTING,2022-11-18,44817651,15223136,268.065,91.053,14586370,87.244,"AstraZeneca - Vaxzevria,Beijing CNBG - BBIBP-CorV,Janssen - Ad26.COV 2-S,Moderna - Spikevax,Pfizer BioNTech - Comirnaty,SII - Covishield,Sinovac - CoronaVac",2021-02-10,7,10339180,61.841
Cameroon,CMR,AFRO,REPORTING,2022-11-20,1938111,1651151,7.301,6.22,1298666,4.892,"Beijing CNBG - BBIBP-CorV,Janssen - Ad26.COV 2-S,Pfizer BioNTech - Comirnaty,SII - Covishield",2021-04-12,4,68320,0.257
Canada,CAN,AMRO,REPORTING,2022-11-11,90771033,32522033,240.503,86.169,31178267,82.609,"AstraZeneca - Vaxzevria,Janssen - Ad26.COV 2-S,Moderna - Spikevax,Pfizer BioNTech - Comirnaty,SII - Covishield",2020-12-14,5,19407744,51.422
Cayman Islands,CYM,AMRO,REPORTING,2022-11-11,149370,61818,227.282,94.063,60499,92.056,Pfizer BioNTech - Comirnaty,2021-01-15,1,24064,36.616
Central African Republic,CAF,AFRO,REPORTING,2022-11-20,1838144,1748700,38.059,36.207,1658308,34.335,"Bharat - Covaxin,SII - Covishield",2021-03-19,2,214090,4.433
Chad,TCD,AFRO,REPORTING,2022-11-13,3887776,3749370,23.669,22.826,3621866,22.05,Beijing CNBG - BBIBP-CorV,2021-06-04,1,,
Chile,CHL,AMRO,REPORTING,2022-11-11,62514268,18076221,327.022,94.56,17688196,92.53,"AstraZeneca - Vaxzevria,CanSino - Convidecia,Moderna - Spikevax,Pfizer BioNTech - Comirnaty,Sinovac - CoronaVac",2020-12-21,5,15686364,82.058
China,CHN,WPRO,REPORTING,2022-11-21,3464009039,1307505363,235.441,88.868,1277341849,86.818,"Anhui ZL - Zifivax,Beijing CNBG - BBIBP-CorV,CanSino - Convidecia,IMB - Covidful,Pfizer BioNTech - Comirnaty,Shenzhen - LV-SMENP-DC,Sinovac - CoronaVac,Wuhan CNBG - Inactivated",2020-07-22,8,803407360,54.606
Colombia,COL,AMRO,REPORTING,2022-11-11,89419840,42856459,175.737,84.226,36804956,72.333,"AstraZeneca - Vaxzevria,Janssen - Ad26.COV 2-S,Moderna - Spikevax,Pfizer BioNTech - Comirnaty,Sinovac - CoronaVac",2021-02-17,5,14383523,28.268
Comoros,COM,AFRO,REPORTING,2022-10-02,835021,438825,96.023,50.463,397080,45.662,"Beijing CNBG - BBIBP-CorV,Bharat - Covaxin,SII - Covishield",2021-04-10,3,,
Congo,COG,AFRO,REPORTING,2022-07-31,833210,695760,15.1,12.609,654119,11.854,"Beijing CNBG - BBIBP-CorV,Gamaleya - Gam-Covid-Vac,Moderna - Spikevax,SII - Covishield",2021-03-23,4,,
Cook Islands,COK,WPRO,REPORTING,2022-05-10,39612,15020,225.529,85.516,14676,83.557,Pfizer BioNTech - Comirnaty,2021-05-17,1,9916,56.456
Costa Rica,CRI,AMRO,REPORTING,2022-11-11,12320607,4541315,241.859,89.148,4239098,83.216,"AstraZeneca - Vaxzevria,Moderna - Spikevax,Pfizer BioNTech - Comirnaty",2020-12-24,3,2684074,52.69
Côte d’Ivoire,CIV,AFRO,REPORTING,2022-11-20,21695732,12340126,82.248,46.781,10429385,39.538,"Beijing CNBG - BBIBP-CorV,Gamaleya - Gam-Covid-Vac,Janssen - Ad26.COV 2-S,Pfizer BioNTech - Comirnaty,SII - Covishield",2021-03-01,5,2031641,7.702
Croatia,HRV,EURO,REPORTING,2022-10-23,5357755,2317461,132,57.141,2244181,55.3,"AstraZeneca - Vaxzevria,Janssen - Ad26.COV 2-S,Moderna - Spikevax,Novavax-NUVAXOVID,Pfizer BioNTech - Comirnaty,Unknown Vaccine",2020-12-23,6,954875,23.53
Cuba,CUB,AMRO,REPORTING,2022-11-11,37928683,10712149,334.863,94.575,9999224,88.281,"CIGB - CIGB-66,Finlay - Soberana Plus,Finlay - Soberana-02",,3,8640924,76.289
Curaçao,CUW,AMRO,REPORTING,2022-11-11,255575,108591,155.75,66.176,99947,60.909,"AstraZeneca - Vaxzevria,Moderna - Spikevax,Pfizer BioNTech - Comirnaty",2021-02-24,3,47037,28.665
Cyprus,CYP,EURO,REPORTING,2022-11-13,1831893,667539,206.3,75.173,655713,73.841,"AstraZeneca - Vaxzevria,Janssen - Ad26.COV 2-S,Moderna - Spikevax,Novavax-NUVAXOVID,Pfizer BioNTech - Comirnaty",2020-12-23,5,485772,54.704
Czechia,CZE,EURO,REPORTING,2022-11-13,18457559,6969044,172.6,65.168,6884276,64.375,"AstraZeneca - Vaxzevria,Janssen - Ad26.COV 2-S,Moderna - Spikevax,Novavax-NUVAXOVID,Pfizer BioNTech - Comirnaty,Pfizer BioNTech - Comirnaty Bivalent Original/Omicron BA.1,Pfizer BioNTech - Comirnaty Bivalent Original/Omicron BA.4/BA.5",2020-12-23,7,4349548,40.673
Democratic Republic of the Congo,COD,AFRO,REPORTING,2022-10-23,6185534,6577469,6.906,7.344,5575771,6.226,SII - Covishield,2021-04-19,1,,
Denmark,DNK,EURO,REPORTING,2022-11-13,15009468,4813131,257.8,82.661,4799985,82.435,"AstraZeneca - Vaxzevria,Janssen - Ad26.COV 2-S,Moderna - Spikevax,Pfizer BioNTech - Comirnaty,Unknown Vaccine",2020-12-16,5,3674678,63.109
Djibouti,DJI,EMRO,REPORTING,2022-11-20,310801,290178,31.458,29.37,269810,27.309,"AstraZeneca - Vaxzevria,Beijing CNBG - BBIBP-CorV,Bharat - Covaxin,CanSino - Convidecia,Gamaleya - Gam-Covid-Vac,Gamaleya - Sputnik-Light,Janssen - Ad26.COV 2-S,Moderna - Spikevax,Pfizer BioNTech - Comirnaty,SII - Covishield,Sinovac - CoronaVac",2021-03-15,11,,
Dominica,DMA,AMRO,REPORTING,2022-11-11,67647,32995,93.966,45.832,30659,42.587,"AstraZeneca - Vaxzevria,Beijing CNBG - BBIBP-CorV,Moderna - Spikevax,Pfizer BioNTech - Comirnaty,SII - Covishield",2021-02-12,5,3993,5.547
Dominican Republic,DOM,AMRO,REPORTING,2022-11-11,15844525,7292533,146.061,67.225,6061229,55.875,"AstraZeneca - Vaxzevria,SII - Covishield,Sinovac - CoronaVac",2021-02-16,3,2490763,22.961
Ecuador,ECU,AMRO,REPORTING,2022-11-11,38667918,15288060,219.168,86.652,14174560,80.341,"AstraZeneca - Vaxzevria,CanSino - Convidecia,Pfizer BioNTech - Comirnaty,Sinovac - CoronaVac",2021-01-20,4,7429210,42.108
Egypt,EGY,EMRO,REPORTING,2022-11-14,100554948,53586191,98.261,52.364,39984251,39.072,"AstraZeneca - Vaxzevria,Beijing CNBG - BBIBP-CorV,Bharat - Covaxin,CanSino - Convidecia,Gamaleya - Gam-Covid-Vac,Gamaleya - Sputnik-Light,Janssen - Ad26.COV 2-S,Moderna - Spikevax,Pfizer BioNTech - Comirnaty,Sinovac - CoronaVac",2021-01-24,10,9686999,9.466
El Salvador,SLV,AMRO,REPORTING,2022-11-11,11250496,4634978,173.453,71.459,4329694,66.752,"AstraZeneca - Vaxzevria,Beijing CNBG - BBIBP-CorV,Moderna - Spikevax,Pfizer BioNTech - Comirnaty,SII - Covishield,Sinovac - CoronaVac",2021-02-17,6,1847442,28.483
Equatorial Guinea,GNQ,AFRO,REPORTING,2022-07-24,488738,270109,34.836,19.252,214032,15.255,"Beijing CNBG - BBIBP-CorV,Sinovac - CoronaVac",2021-02-12,2,4597,0.328
Eritrea,ERI,AFRO,REPORTING,2022-07-03,,0,,0,0,0,,,,,
Estonia,EST,EURO,REPORTING,2022-11-13,2173104,844388,163.5,63.537,835140,62.841,"AstraZeneca - Vaxzevria,Janssen - Ad26.COV 2-S,Moderna - Spikevax,Moderna – Spikevax Bivalent Original/Omicron BA.1,Novavax-NUVAXOVID,Pfizer BioNTech - Comirnaty,Pfizer BioNTech - Comirnaty Bivalent Original/Omicron BA.1,Pfizer BioNTech - Comirnaty Bivalent Original/Omicron BA.4/BA.5",2020-12-23,8,483832,36.406
Eswatini,SWZ,AFRO,REPORTING,2022-09-25,773579,492300,66.678,42.434,490673,42.293,"Janssen - Ad26.COV 2-S,Pfizer BioNTech - Comirnaty,SII - Covishield",2021-03-19,3,147518,12.715
Ethiopia,ETH,AFRO,REPORTING,2022-07-31,52509414,43111242,45.675,37.5,36707357,31.93,"Beijing CNBG - BBIBP-CorV,Bharat - Covaxin,Janssen - Ad26.COV 2-S,SII - Covishield",2021-03-13,4,2421781,2.107
Falkland Islands (Malvinas),FLK,AMRO,REPORTING,2022-06-21,9390,3220,269.595,92.449,2976,85.444,AstraZeneca - AZD1222,,1,2543,73.012
Faroe Islands,FRO,EURO,OWID,2022-02-18,103894,41715,212.614,85.368,40895,83.69,"Moderna - mRNA-1273, Pfizer BioNTech - Comirnaty",,2,21284,43.557
Fiji,FJI,WPRO,REPORTING,2022-11-03,1545993,710767,172.458,79.287,639428,71.329,"AstraZeneca - Vaxzevria,Moderna - Spikevax,SII - Covishield",2021-03-07,3,168323,18.777
Finland,FIN,EURO,REPORTING,2022-11-13,12894226,4543530,233.4,82.231,4359377,78.899,"AstraZeneca - Vaxzevria,Janssen - Ad26.COV 2-S,Moderna - Spikevax,Pfizer BioNTech - Comirnaty,Unknown Vaccine",2020-12-23,5,3052913,55.253
France,FRA,EURO,REPORTING,2022-10-16,153069144,53664707,227.4,79.716,52157654,77.477,"AstraZeneca - Vaxzevria,Janssen - Ad26.COV 2-S,Moderna - Spikevax,Novavax-NUVAXOVID,Pfizer BioNTech - Comirnaty,Unknown Vaccine",2020-12-30,6,40710314,60.473
French Guiana,GUF,AMRO,REPORTING,2022-11-11,236989,99280,79.345,33.239,89743,30.046,"Moderna - Spikevax,Pfizer BioNTech - Comirnaty",2021-01-13,2,45550,15.25
French Polynesia,PYF,WPRO,REPORTING,2022-09-30,498258,190658,177.374,67.872,186038,66.227,"Janssen - Ad26.COV 2-S,Pfizer BioNTech - Comirnaty",2021-01-18,2,112237,39.955
Gabon,GAB,AFRO,REPORTING,2022-10-30,569829,310842,25.602,13.966,257322,11.561,"Beijing CNBG - BBIBP-CorV,Gamaleya - Gam-Covid-Vac,Pfizer BioNTech - Comirnaty",2021-03-23,3,2586,0.116
Gambia,GMB,AFRO,REPORTING,2022-11-13,815861,934799,33.76,38.681,454613,18.812,"Beijing CNBG - BBIBP-CorV,SII - Covishield",2021-03-10,2,31322,1.296
Georgia,GEO,EURO,REPORTING,2022-10-30,2724765,1295097,68.3,32.465,1180896,29.603,"AstraZeneca - Vaxzevria,Beijing CNBG - BBIBP-CorV,Pfizer BioNTech - Comirnaty,Sinovac - CoronaVac",2021-03-17,4,248772,6.236
Germany,DEU,EURO,REPORTING,2022-11-13,188737924,64811107,226.9,77.929,64903583,78.04,"AstraZeneca - Vaxzevria,Janssen - Ad26.COV 2-S,Moderna - Spikevax,Moderna – Spikevax Bivalent Original/Omicron  - Generic,Novavax-NUVAXOVID,Pfizer BioNTech - Comirnaty,Pfizer BioNTech - Comirnaty Bivalent Original/Omicron - Generic,Unknown Vaccine,Valneva - VLA2001",2020-12-23,9,51949349,62.464
Ghana,GHA,AFRO,REPORTING,2022-11-13,20803295,12016344,66.95,38.671,8951034,28.807,"Gamaleya - Gam-Covid-Vac,SII - Covishield",2021-03-02,2,2515191,8.094
Gibraltar,GIB,EURO,OWID,2022-04-21,119855,42074,355.748,124.882,41421,122.944,"AstraZeneca - AZD1222, Pfizer BioNTech - Comirnaty",,2,36360,107.922
Greece,GRC,EURO,REPORTING,2022-11-13,21754473,7912253,203,73.818,7738216,72.195,"AstraZeneca - Vaxzevria,Janssen - Ad26.COV 2-S,Moderna - Spikevax,Novavax-NUVAXOVID,Pfizer BioNTech - Comirnaty,Pfizer BioNTech - Comirnaty Bivalent Original/Omicron BA.1,Pfizer BioNTech - Comirnaty Bivalent Original/Omicron BA.4/BA.5",2020-12-23,7,5889789,54.949
Greenland,GRL,EURO,OWID,2022-03-14,79738,41227,140.453,72.619,38511,67.834,Moderna - mRNA-1273,,1,,
Grenada,GRD,AMRO,REPORTING,2022-11-11,90507,44180,80.434,39.263,38975,34.637,"AstraZeneca - Vaxzevria,Janssen - Ad26.COV 2-S,Moderna - Spikevax,Pfizer BioNTech - Comirnaty,SII - Covishield",2021-02-15,5,7352,6.534
Guadeloupe,GLP,AMRO,REPORTING,2022-11-11,389808,150792,97.422,37.686,144920,36.219,"AstraZeneca - Vaxzevria,Janssen - Ad26.COV 2-S,Moderna - Spikevax,Novavax-NUVAXOVID,Pfizer BioNTech - Comirnaty",2021-01-08,7,87765,21.934
Guam,GUM,WPRO,REPORTING,2022-08-23,368088,155225,218.094,91.972,141014,83.551,"Janssen - Ad26.COV 2-S,Moderna - Spikevax,Pfizer BioNTech - Comirnaty",2021-01-04,3,72131,42.738
Guatemala,GTM,AMRO,REPORTING,2022-11-11,19896706,8843207,111.058,49.36,6998768,39.065,"AstraZeneca - Vaxzevria,Gamaleya - Gam-Covid-Vac,Moderna - Spikevax,Pfizer BioNTech - Comirnaty,SII - Covishield",2021-02-25,5,3573318,19.945
Guernsey,GGY,EURO,OWID,2022-11-21,174782,,271.114,,,,"Moderna - mRNA-1273, AstraZeneca - AZD1222, Pfizer BioNTech - Comirnaty",,3,,
Guinea,GIN,AFRO,REPORTING,2022-11-06,8349923,5809781,63.581,44.239,3176770,24.19,"Beijing CNBG - BBIBP-CorV,Gamaleya - Gam-Covid-Vac,Janssen - Ad26.COV 2-S,Pfizer BioNTech - Comirnaty,SII - Covishield,Sinovac - CoronaVac",2021-03-05,6,208537,1.588
Guinea-Bissau,GNB,AFRO,REPORTING,2022-09-18,673091,640393,34.202,32.54,404228,20.54,"Beijing CNBG - BBIBP-CorV,SII - Covishield",2021-04-02,2,745,0.038
Guyana,GUY,AMRO,REPORTING,2022-11-11,951690,492773,120.995,62.65,379432,48.24,"AstraZeneca - Vaxzevria,Beijing CNBG - BBIBP-CorV,Gamaleya - Gam-Covid-Vac,Janssen - Ad26.COV 2-S,Moderna - Spikevax,Pfizer BioNTech - Comirnaty,SII - Covishield",2021-02-11,7,75496,9.598
Haiti,HTI,AMRO,REPORTING,2022-11-11,509500,397765,4.468,3.488,236678,2.076,"Janssen - Ad26.COV 2-S,Moderna - Spikevax",,2,,
Honduras,HND,AMRO,REPORTING,2022-11-11,16430114,6406980,165.884,64.687,5704735,57.597,"AstraZeneca - Vaxzevria,Gamaleya - Gam-Covid-Vac,Janssen - Ad26.COV 2-S,Moderna - Spikevax,Pfizer BioNTech - Comirnaty,SII - Covishield",2021-02-22,6,4318774,43.604
Hungary,HUN,EURO,REPORTING,2022-11-13,16520620,6356230,169.1,65.062,6149768,62.948,"AstraZeneca - Vaxzevria,Beijing CNBG - BBIBP-CorV,Gamaleya - Gam-Covid-Vac,Janssen - Ad26.COV 2-S,Moderna - Spikevax,Pfizer BioNTech - Comirnaty,Pfizer BioNTech - Comirnaty Bivalent Original/Omicron BA.1,Sinovac - CoronaVac",2020-12-23,8,3864663,39.558
Iceland,ISL,EURO,REPORTING,2022-10-30,856460,307124,235.2,84.345,297718,81.761,"AstraZeneca - Vaxzevria,Janssen - Ad26.COV 2-S,Moderna - Spikevax,Novavax-NUVAXOVID,Pfizer BioNTech - Comirnaty",2020-12-30,5,253554,69.632
India,IND,SEARO,REPORTING,2022-11-23,2198762415,1027014016,159.33,74.421,950646647,68.887,"Bharat - Covaxin,Biological E - Corbevax,Gamaleya - Gam-Covid-Vac,Janssen - Ad26.COV 2-S,Moderna - Spikevax,SII - Covishield,SII - Covovax,Zydus - ZyCov-D",2021-01-16,8,221101752,16.022
Indonesia,IDN,SEARO,REPORTING,2022-11-22,441132462,204419394,161.278,74.736,171229637,62.601,"AstraZeneca - Vaxzevria,Beijing CNBG - BBIBP-CorV,Janssen - Ad26.COV 2-S,Moderna - Spikevax,Novavax-NUVAXOVID,Pfizer BioNTech - Comirnaty,Sinovac - CoronaVac",2021-01-13,7,65483431,23.941
Iran (Islamic Republic of),IRN,EMRO,REPORTING,2022-11-20,154713943,65100058,184.199,77.507,58497683,69.646,"AstraZeneca - Vaxzevria,Beijing CNBG - BBIBP-CorV,Bharat - Covaxin,CanSino - Convidecia,Finlay - Soberana-02,Gamaleya - Gam-Covid-Vac,Gamaleya - Sputnik-Light,Janssen - Ad26.COV 2-S,Moderna - Spikevax,Pfizer BioNTech - Comirnaty,Shifa - COVIran Barakat,Sinovac - CoronaVac",2021-02-09,12,31116202,37.046
Iraq,IRQ,EMRO,REPORTING,2022-11-17,19467872,11281293,48.4,28.047,7919146,19.688,"AstraZeneca - Vaxzevria,Beijing CNBG - BBIBP-CorV,Bharat - Covaxin,CanSino - Convidecia,Gamaleya - Gam-Covid-Vac,Gamaleya - Sputnik-Light,Janssen - Ad26.COV 2-S,Moderna - Spikevax,Pfizer BioNTech - Comirnaty,Sinovac - CoronaVac",2021-03-02,10,267433,0.665
Ireland,IRL,EURO,REPORTING,2022-10-09,11663862,4040268,234.9,83.929,4005217,80.678,"AstraZeneca - Vaxzevria,Janssen - Ad26.COV 2-S,Moderna - Spikevax,Novavax-NUVAXOVID,Pfizer BioNTech - Comirnaty",2020-12-30,5,3025769,60.949
Isle of Man,IMN,EURO,OWID,2022-06-23,189994,69560,223.438,81.804,67106,78.919,"Moderna - mRNA-1273, AstraZeneca - AZD1222, Pfizer BioNTech - Comirnaty",,3,53328,62.715
Israel,ISR,EURO,REPORTING,2022-06-05,15026951,7055466,173.6,81.514,6385731,73.776,"AstraZeneca - Vaxzevria,Moderna - Spikevax,Pfizer BioNTech - Comirnaty",2020-12-16,3,1585754,18.321
Italy,ITA,EURO,REPORTING,2022-11-13,148423796,50567908,248.9,84.791,49470750,82.947,"AstraZeneca - Vaxzevria,Janssen - Ad26.COV 2-S,Moderna - Spikevax,Moderna – Spikevax Bivalent Original/Omicron BA.1,Novavax-NUVAXOVID,Pfizer BioNTech - Comirnaty,Pfizer BioNTech - Comirnaty Bivalent Original/Omicron BA.1,Pfizer BioNTech - Comirnaty Bivalent Original/Omicron BA.4/BA.5",2020-12-23,8,44755165,75.04
Jamaica,JAM,AMRO,REPORTING,2022-11-11,1495377,835930,50.5,28.23,735360,24.833,"AstraZeneca - Vaxzevria,Beijing CNBG - BBIBP-CorV,Janssen - Ad26.COV 2-S,Pfizer BioNTech - Comirnaty,SII - Covishield",2021-03-10,5,44879,1.516
Japan,JPN,WPRO,REPORTING,2022-11-22,343364074,104354600,271.485,82.509,102975957,81.419,"AstraZeneca - Vaxzevria,Moderna - Spikevax,Novavax-NUVAXOVID,Pfizer BioNTech - Comirnaty",2021-02-17,4,84063402,66.466
Jersey,JEY,EURO,OWID,2022-11-20,262624,84268,243.631,78.174,81727,75.816,"Moderna - mRNA-1273, AstraZeneca - AZD1222, Pfizer BioNTech - Comirnaty",,3,73509,68.193
Jordan,JOR,EMRO,REPORTING,2022-08-21,10057975,4821579,98.577,47.256,4558313,44.676,"AstraZeneca - Vaxzevria,Beijing CNBG - BBIBP-CorV,Bharat - Covaxin,CanSino - Convidecia,Gamaleya - Gam-Covid-Vac,Gamaleya - Sputnik-Light,Janssen - Ad26.COV 2-S,Moderna - Spikevax,Pfizer BioNTech - Comirnaty,Sinovac - CoronaVac",2021-01-13,10,682211,6.686
Kazakhstan,KAZ,EURO,REPORTING,2022-10-30,33131977,12354337,176.5,65.796,13013295,69.306,"Beijing CNBG - BBIBP-CorV,Gamaleya - Gam-Covid-Vac,Pfizer BioNTech - Comirnaty,RIBSP - QazVac,Sinovac - CoronaVac",2021-04-07,5,6588702,35.09
Kenya,KEN,AFRO,REPORTING,2022-11-20,22763869,14093092,42.335,26.209,10705713,19.91,"Beijing CNBG - BBIBP-CorV,Janssen - Ad26.COV 2-S,Moderna - Spikevax,Pfizer BioNTech - Comirnaty,SII - Covishield",2021-03-05,5,1638279,3.047
Kiribati,KIR,WPRO,REPORTING,2022-11-01,193491,96184,161.986,80.523,73888,61.857,"AstraZeneca - Vaxzevria,Beijing CNBG - BBIBP-CorV",2021-05-26,2,23419,19.606
Kosovo,XKX,EURO,REPORTING,2022-10-23,1836162,904372,102.3,50.364,824562,45.92,"AstraZeneca - Vaxzevria,Pfizer BioNTech - Comirnaty",2021-03-31,2,105424,5.871
Kuwait,KWT,EMRO,REPORTING,2022-11-20,8248248,3453073,193.142,80.857,3341726,78.25,"AstraZeneca - Vaxzevria,Beijing CNBG - BBIBP-CorV,Bharat - Covaxin,CanSino - Convidecia,Gamaleya - Gam-Covid-Vac,Gamaleya - Sputnik-Light,Janssen - Ad26.COV 2-S,Moderna - Spikevax,Pfizer BioNTech - Comirnaty,Sinovac - CoronaVac",2020-12-28,10,1453449,34.034
Kyrgyzstan,KGZ,EURO,REPORTING,2022-11-13,3022693,1478537,46.3,22.662,1307615,20.043,"AstraZeneca - Vaxzevria,Beijing CNBG - BBIBP-CorV,Gamaleya - Gam-Covid-Vac,Moderna - Spikevax,Pfizer BioNTech - Comirnaty,RIBSP - QazVac",2021-03-31,6,236541,3.626
Lao People's Democratic Republic,LAO,WPRO,REPORTING,2022-09-30,12388167,5939256,170.271,81.633,5293537,72.758,"AstraZeneca - Vaxzevria,Beijing CNBG - BBIBP-CorV,Gamaleya - Gam-Covid-Vac,Gamaleya - Sputnik-Light,Janssen - Ad26.COV 2-S,Pfizer BioNTech - Comirnaty,SII - Covishield,Sinovac - CoronaVac",2020-11-25,8,1916136,26.337
Latvia,LVA,EURO,REPORTING,2022-10-30,2888158,1303647,151.4,68.338,1272339,66.696,"AstraZeneca - Vaxzevria,Janssen - Ad26.COV 2-S,Moderna - Spikevax,Novavax-NUVAXOVID,Pfizer BioNTech - Comirnaty",2020-12-30,5,547938,28.723
Lebanon,LBN,EMRO,REPORTING,2022-11-20,5809032,2738210,85.108,40.118,2412315,35.343,"AstraZeneca - Vaxzevria,Beijing CNBG - BBIBP-CorV,Bharat - Covaxin,CanSino - Convidecia,Gamaleya - Gam-Covid-Vac,Gamaleya - Sputnik-Light,Janssen - Ad26.COV 2-S,Moderna - Spikevax,Pfizer BioNTech - Comirnaty,Sinovac - CoronaVac",2021-02-14,10,658507,9.648
Lesotho,LSO,AFRO,REPORTING,2022-11-20,1237581,995466,57.77,46.468,923641,43.115,"Beijing CNBG - BBIBP-CorV,Janssen - Ad26.COV 2-S,SII - Covishield",2021-03-10,3,126059,5.884
Liberia,LBR,AFRO,REPORTING,2022-11-06,4264190,3748721,84.311,74.119,3596705,71.114,SII - Covishield,2021-04-01,1,1987,0.039
Libya,LBY,EMRO,REPORTING,2022-10-02,3716080,2308724,54.081,33.6,1229888,17.899,"AstraZeneca - Vaxzevria,Beijing CNBG - BBIBP-CorV,Bharat - Covaxin,CanSino - Convidecia,Gamaleya - Gam-Covid-Vac,Gamaleya - Sputnik-Light,Janssen - Ad26.COV 2-S,Moderna - Spikevax,Pfizer BioNTech - Comirnaty,Sinovac - CoronaVac",2021-04-11,10,177468,2.583
Liechtenstein,LIE,OTHER,REPORTING,2022-04-10,71104,26681,183.5,68.86,26346,67.995,"Janssen - Ad26.COV 2-S,Moderna - Spikevax,Pfizer BioNTech - Comirnaty",2021-01-06,3,18310,47.255
Lithuania,LTU,EURO,REPORTING,2022-11-13,4510698,1955271,161.4,70.133,1905762,68.207,"AstraZeneca - Vaxzevria,Janssen - Ad26.COV 2-S,Moderna - Spikevax,Pfizer BioNTech - Comirnaty,Unknown Vaccine",2020-12-23,5,899354,32.188
Luxembourg,LUX,EURO,REPORTING,2022-11-13,1323423,469194,211.4,74.938,462550,73.877,"AstraZeneca - Vaxzevria,Janssen - Ad26.COV 2-S,Moderna - Spikevax,Moderna – Spikevax Bivalent Original/Omicron BA.1,Novavax-NUVAXOVID,Pfizer BioNTech - Comirnaty,Pfizer BioNTech - Comirnaty Bivalent Original/Omicron BA.1,Pfizer BioNTech - Comirnaty Bivalent Original/Omicron BA.4/BA.5",2020-12-30,8,367379,58.677
Madagascar,MDG,AFRO,REPORTING,2022-11-20,2193427,1885035,7.921,6.807,1811655,6.542,"Beijing CNBG - BBIBP-CorV,Janssen - Ad26.COV 2-S,SII - Covishield",2021-05-10,3,96121,0.347
Malawi,MWI,AFRO,REPORTING,2022-11-13,5930743,3920784,31.002,20.496,3094056,16.174,"Janssen - Ad26.COV 2-S,SII - Covishield",2021-03-11,2,509839,2.665
Malaysia,MYS,WPRO,REPORTING,2022-11-19,72243985,28113109,223.21,86.86,27523669,85.039,"AstraZeneca - Vaxzevria,Beijing CNBG - BBIBP-CorV,CanSino - Convidecia,Gamaleya - Gam-Covid-Vac,Janssen - Ad26.COV 2-S,Moderna - Spikevax,Pfizer BioNTech - Comirnaty,Sinovac - CoronaVac",2021-02-24,8,16260567,50.24
Maldives,MDV,SEARO,REPORTING,2022-11-21,951380,399145,176.004,73.841,385069,71.237,"AstraZeneca - Vaxzevria,Beijing CNBG - BBIBP-CorV,Gamaleya - Gam-Covid-Vac,Janssen - Ad26.COV 2-S,Moderna - Spikevax,Pfizer BioNTech - Comirnaty,SII - Covishield,Sinovac - CoronaVac",2021-02-01,8,167166,30.926
Mali,MLI,AFRO,REPORTING,2022-11-20,3836862,2788248,18.947,13.769,2253077,11.126,SII - Covishield,2021-03-31,1,,
Malta,MLT,EURO,REPORTING,2022-10-30,1273765,450456,247.5,87.541,444833,86.449,"AstraZeneca - Vaxzevria,Janssen - Ad26.COV 2-S,Moderna - Spikevax,Pfizer BioNTech - Comirnaty",2020-12-23,4,352099,68.427
Marshall Islands,MHL,WPRO,REPORTING,2022-09-26,103067,43458,174.117,73.416,36633,61.886,"Janssen - Ad26.COV 2-S,Moderna - Spikevax,Pfizer BioNTech - Comirnaty",2020-12-29,3,18559,31.353
Martinique,MTQ,AMRO,REPORTING,2022-11-11,393764,150069,104.93,39.99,144873,38.606,Pfizer BioNTech - Comirnaty,,1,92106,24.544
Mauritania,MRT,AFRO,REPORTING,2022-11-20,3459268,2055002,74.398,44.197,1493749,32.126,"Beijing CNBG - BBIBP-CorV,SII - Covishield",2021-03-26,2,365327,7.857
Mauritius,MUS,AFRO,REPORTING,2022-11-13,2611353,1123773,205.332,88.363,1088142,85.561,"Beijing CNBG - BBIBP-CorV,Bharat - Covaxin,SII - Covishield",2021-01-26,3,638975,50.243
Mexico,MEX,AMRO,REPORTING,2022-11-11,223158993,97179493,173.082,75.372,81849962,63.483,"AstraZeneca - Vaxzevria,CanSino - Convidecia,Gamaleya - Gam-Covid-Vac,Janssen - Ad26.COV 2-S,Moderna - Spikevax,Pfizer BioNTech - Comirnaty,Sinovac - CoronaVac",2020-12-24,7,57014052,44.22
Micronesia (Federated States of),FSM,WPRO,REPORTING,2022-08-20,170346,70204,148.097,61.035,66174,57.531,"AstraZeneca - Vaxzevria,Janssen - Ad26.COV 2-S,Moderna - Spikevax,Pfizer BioNTech - Comirnaty",2021-01-13,4,30537,26.549
Monaco,MCO,EURO,REPORTING,2022-11-06,70473,25284,179.6,64.428,24897,63.442,"AstraZeneca - Vaxzevria,Janssen - Ad26.COV 2-S,Moderna - Spikevax,Novavax - Covavax,Novavax-NUVAXOVID,Pfizer BioNTech - Comirnaty,Unknown Vaccine",2021-06-30,7,17745,45.217
Mongolia,MNG,WPRO,REPORTING,2022-11-11,5662814,2283379,172.737,69.652,2184305,66.629,"AstraZeneca - Vaxzevria,Beijing CNBG - BBIBP-CorV,Gamaleya - Gam-Covid-Vac,Moderna - Spikevax,Pfizer BioNTech - Comirnaty,SII - Covishield",2021-02-23,6,1055884,32.208
Montenegro,MNE,EURO,REPORTING,2022-11-06,526975,272610,83.9,43.837,254365,40.903,"AstraZeneca - Vaxzevria,Beijing CNBG - BBIBP-CorV,Gamaleya - Gam-Covid-Vac,Pfizer BioNTech - Comirnaty,Unknown Vaccine",2021-02-24,5,0,0
Montserrat,MSR,AMRO,REPORTING,2022-11-11,4564,2104,91.298,42.088,1950,39.008,AstraZeneca - Vaxzevria,2021-02-08,1,510,10.202
Morocco,MAR,EMRO,REPORTING,2022-11-20,55337707,25012393,149.924,67.765,23512052,63.7,"AstraZeneca - Vaxzevria,Beijing CNBG - BBIBP-CorV,Bharat - Covaxin,CanSino - Convidecia,Gamaleya - Gam-Covid-Vac,Gamaleya - Sputnik-Light,Janssen - Ad26.COV 2-S,Moderna - Spikevax,Pfizer BioNTech - Comirnaty,Sinovac - CoronaVac",2021-01-28,10,6910975,18.724
Mozambique,MOZ,AFRO,REPORTING,2022-11-20,19494063,18585783,62.37,59.464,15798875,50.548,"Beijing CNBG - BBIBP-CorV,Janssen - Ad26.COV 2-S,SII - Covishield",2021-03-08,3,786088,2.515
Myanmar,MMR,SEARO,REPORTING,2022-06-18,64549994,34777314,118.637,63.917,27545329,50.626,"Beijing CNBG - BBIBP-CorV,SII - Covishield",2021-01-27,2,2227351,4.094
Namibia,NAM,AFRO,REPORTING,2022-11-20,965768,598222,38.009,23.544,521365,20.519,"Beijing CNBG - BBIBP-CorV,Janssen - Ad26.COV 2-S,Pfizer BioNTech - Comirnaty,SII - Covishield",2021-03-19,4,101806,4.007
Nauru,NRU,WPRO,REPORTING,2022-07-11,24143,10493,222.845,96.853,8585,79.241,"AstraZeneca - Vaxzevria,SII - Covishield",2021-04-09,2,5065,46.751
Nepal,NPL,SEARO,REPORTING,2022-11-16,59705970,27357469,204.916,93.893,23749154,81.509,"AstraZeneca - Vaxzevria,Beijing CNBG - BBIBP-CorV,Bharat - Covaxin,Gamaleya - Gam-Covid-Vac,Janssen - Ad26.COV 2-S,Moderna - Spikevax,Pfizer BioNTech - Comirnaty,SII - Covishield",2021-01-27,8,8599347,29.514
Netherlands,NLD,EURO,REPORTING,2022-09-11,36105753,12776868,207.4,73.398,11957152,68.689,"AstraZeneca - Vaxzevria,Janssen - Ad26.COV 2-S,Moderna - Spikevax,Novavax-NUVAXOVID,Pfizer BioNTech - Comirnaty,Unknown Vaccine",2021-01-06,6,9417108,54.098
New Caledonia,NCL,WPRO,REPORTING,2022-09-26,469252,191568,164.363,67.1,184013,64.453,"Janssen - Ad26.COV 2-S,Pfizer BioNTech - Comirnaty",2021-01-20,2,93671,32.81
New Zealand,NZL,WPRO,REPORTING,2022-11-18,11880018,4252787,246.359,88.191,4093599,84.89,"AstraZeneca - Vaxzevria,Janssen - Ad26.COV 2-S,Novavax-NUVAXOVID,Pfizer BioNTech - Comirnaty",2021-02-19,4,2713015,56.261
Nicaragua,NIC,AMRO,REPORTING,2022-11-11,11939946,6114751,180.238,92.304,5825195,87.933,"AstraZeneca - Vaxzevria,CIGB - CIGB-66,Finlay - Soberana Plus,Finlay - Soberana-02,Gamaleya - Gam-Covid-Vac,Gamaleya - Sputnik-Light,Janssen - Ad26.COV 2-S,Pfizer BioNTech - Comirnaty,SII - Covishield",2021-03-03,9,,
Niger,NER,AFRO,REPORTING,2022-10-30,7042134,5935299,29.092,24.519,5176311,21.384,"Beijing CNBG - BBIBP-CorV,SII - Covishield",2021-03-29,2,,
Nigeria,NGA,AFRO,REPORTING,2022-11-13,91552088,63982167,44.413,31.038,51397212,24.933,SII - Covishield,2021-03-05,1,6179229,2.998
Niue,NIU,WPRO,REPORTING,2022-10-05,4048,1255,250.185,77.565,1227,75.834,Pfizer BioNTech - Comirnaty,2021-06-08,1,1153,71.261
North Macedonia,MKD,EURO,REPORTING,2022-11-06,1862304,854392,89.4,41.151,837986,40.36,"AstraZeneca - Vaxzevria,Beijing CNBG - BBIBP-CorV,Gamaleya - Gam-Covid-Vac,Moderna - Spikevax,Pfizer BioNTech - Comirnaty,Sinovac - CoronaVac,Wuhan CNBG - Inactivated",2021-02-17,7,161447,7.776
Northern Mariana Islands (Commonwealth of the),MNP,WPRO,REPORTING,2022-11-04,116159,46466,201.816,80.73,45012,78.204,"Janssen - Ad26.COV 2-S,Moderna - Spikevax,Pfizer BioNTech - Comirnaty",2020-12-19,3,24235,42.106
Norway,NOR,EURO,REPORTING,2022-11-13,12137543,4344880,226.1,80.947,4059360,75.627,"AstraZeneca - Vaxzevria,Janssen - Ad26.COV 2-S,Moderna - Spikevax,Pfizer BioNTech - Comirnaty",2020-12-23,4,3003469,55.956
occupied Palestinian territory,PSE,EMRO,REPORTING,2022-10-18,3748571,2012767,73.481,39.455,1776973,34.833,"AstraZeneca - Vaxzevria,Beijing CNBG - BBIBP-CorV,Bharat - Covaxin,CanSino - Convidecia,Gamaleya - Gam-Covid-Vac,Gamaleya - Sputnik-Light,Janssen - Ad26.COV 2-S,Moderna - Spikevax,Pfizer BioNTech - Comirnaty,Sinovac - CoronaVac",2021-02-02,10,336967,6.605
Oman,OMN,EMRO,REPORTING,2022-10-25,7086050,3257365,138.762,63.787,3048826,59.703,"AstraZeneca - Vaxzevria,Beijing CNBG - BBIBP-CorV,Bharat - Covaxin,CanSino - Convidecia,Gamaleya - Gam-Covid-Vac,Gamaleya - Sputnik-Light,Janssen - Ad26.COV 2-S,Moderna - Spikevax,Pfizer BioNTech - Comirnaty,SII - Covishield,Sinovac - CoronaVac",2020-12-29,11,779859,15.272
Pakistan,PAK,EMRO,REPORTING,2022-10-31,314087995,154441360,142.191,69.917,131262342,59.424,"AstraZeneca - Vaxzevria,Beijing CNBG - BBIBP-CorV,Bharat - Covaxin,CanSino - Convidecia,Gamaleya - Gam-Covid-Vac,Gamaleya - Sputnik-Light,Janssen - Ad26.COV 2-S,Moderna - Spikevax,Pfizer BioNTech - Comirnaty,SII - Covishield,Sinovac - CoronaVac",2021-02-03,11,46226871,20.927
Palau,PLW,WPRO,REPORTING,2022-09-06,50160,20094,277.25,111.066,18403,101.719,"Janssen - Ad26.COV 2-S,Moderna - Spikevax,Pfizer BioNTech - Comirnaty",2021-01-03,3,12856,71.059
Panama,PAN,AMRO,REPORTING,2022-11-11,8671222,3513104,200.966,81.42,3159050,73.215,"AstraZeneca - Vaxzevria,Pfizer BioNTech - Comirnaty",2021-01-20,2,1747248,40.495
Papua New Guinea,PNG,WPRO,REPORTING,2022-11-20,501003,364090,5.6,4.069,303884,3.396,"AstraZeneca - Vaxzevria,Beijing CNBG - BBIBP-CorV,Janssen - Ad26.COV 2-S,SII - Covishield",2021-03-30,4,30383,0.34
Paraguay,PRY,AMRO,REPORTING,2022-11-11,9449337,3971312,132.482,55.679,3524737,49.418,"AstraZeneca - Vaxzevria,Beijing CNBG - BBIBP-CorV,Bharat - Covaxin,Gamaleya - Gam-Covid-Vac,Julphar - Hayat-Vax,Moderna - Spikevax,Pfizer BioNTech - Comirnaty,Sinovac - CoronaVac",2021-02-22,8,1626874,22.809
Peru,PER,AMRO,REPORTING,2022-11-11,85239583,29921438,258.522,90.748,28300140,85.831,"AstraZeneca - Vaxzevria,Beijing CNBG - BBIBP-CorV,Moderna - Spikevax,Pfizer BioNTech - Comirnaty",2021-02-09,4,21462122,65.092
Philippines,PHL,WPRO,REPORTING,2022-11-17,168636230,78152276,153.892,71.319,73686596,67.244,"AstraZeneca - Vaxzevria,Beijing CNBG - BBIBP-CorV,Bharat - Covaxin,Gamaleya - Gam-Covid-Vac,Gamaleya - Sputnik-Light,Janssen - Ad26.COV 2-S,Julphar - Hayat-Vax,Moderna - Spikevax,Novavax-NUVAXOVID,Pfizer BioNTech - Comirnaty,Sinovac - CoronaVac",2021-03-01,11,20838363,19.016
Pitcairn Islands,PCN,WPRO,REPORTING,2022-02-28,138,55,276,110,37,74,AstraZeneca - Vaxzevria,2021-05-17,1,23,46
Poland,POL,EURO,REPORTING,2022-11-13,57715479,22907799,152.1,60.35,22633337,59.627,"AstraZeneca - Vaxzevria,Janssen - Ad26.COV 2-S,Moderna - Spikevax,Novavax-NUVAXOVID,Pfizer BioNTech - Comirnaty",2020-12-23,5,12460965,32.828
Portugal,PRT,EURO,REPORTING,2022-11-13,26604514,9766773,258.4,94.974,8879766,86.246,"AstraZeneca - Vaxzevria,Beijing CNBG - BBIBP-CorV,Bharat - Covaxin,Janssen - Ad26.COV 2-S,Moderna - Spikevax,Moderna – Spikevax Bivalent Original/Omicron BA.1,Novavax-NUVAXOVID,Pfizer BioNTech - Comirnaty,Pfizer BioNTech - Comirnaty Bivalent Original/Omicron BA.1,Pfizer BioNTech - Comirnaty Bivalent Original/Omicron BA.4/BA.5,Sinovac - CoronaVac",2020-12-23,11,6983899,67.832
Puerto Rico,PRI,AMRO,REPORTING,2022-11-11,7865345,3126613,274.93,109.29,2758611,96.426,"Janssen - Ad26.COV 2-S,Moderna - Spikevax,Novavax-NUVAXOVID,Pfizer BioNTech - Comirnaty",,4,1739318,60.797
Qatar,QAT,EMRO,REPORTING,2022-11-20,7597091,2848950,263.691,98.886,2848949,98.886,"AstraZeneca - Vaxzevria,Beijing CNBG - BBIBP-CorV,Bharat - Covaxin,CanSino - Convidecia,Gamaleya - Gam-Covid-Vac,Gamaleya - Sputnik-Light,Janssen - Ad26.COV 2-S,Moderna - Spikevax,Pfizer BioNTech - Comirnaty,Sinovac - CoronaVac",,10,1899192,65.92
Republic of Korea,KOR,WPRO,REPORTING,2022-10-27,131766256,45119824,257.009,88.006,44689199,87.166,"AstraZeneca - Vaxzevria,Janssen - Ad26.COV 2-S,Moderna - Spikevax,Novavax-NUVAXOVID,Pfizer BioNTech - Comirnaty",2021-02-26,5,33646923,65.628
Republic of Moldova,MDA,EURO,REPORTING,2022-11-13,2257287,1103268,56,27.349,1073162,26.603,"AstraZeneca - Vaxzevria,Beijing CNBG - BBIBP-CorV,Gamaleya - Gam-Covid-Vac,Janssen - Ad26.COV 2-S,Moderna - Spikevax,Pfizer BioNTech - Comirnaty,Sinovac - CoronaVac",2021-03-03,7,382278,9.476
Romania,ROU,EURO,REPORTING,2022-10-16,16083871,8183574,83.2,42.339,8136562,42.095,"AstraZeneca - Vaxzevria,Janssen - Ad26.COV 2-S,Moderna - Spikevax,Pfizer BioNTech - Comirnaty",2021-01-27,4,1761712,9.114
Russian Federation,RUS,EURO,OWID,2022-11-23,181063313,86092959,124.1,58.994,77889761,53.373,"SRCVB - EpiVacCorona, Gamaleya - Sputnik V",,2,,
Rwanda,RWA,AFRO,REPORTING,2022-11-13,26106436,10572981,201.56,81.631,9274948,71.609,"Beijing CNBG - BBIBP-CorV,Gamaleya - Gam-Covid-Vac,Janssen - Ad26.COV 2-S,Moderna - Spikevax,Pfizer BioNTech - Comirnaty,SII - Covishield,Sinovac - CoronaVac",2021-03-05,7,5879013,45.39
Saba,XCA,AMRO,REPORTING,2022-11-11,4471,1687,231.298,87.274,1657,85.722,,,,1127,58.303
Saint Helena,SHN,AFRO,OWID,2021-05-05,7892,4361,129.995,71.833,3531,58.162,AstraZeneca - AZD1222,,1,,
Saint Kitts and Nevis,KNA,AMRO,REPORTING,2022-11-11,64225,33794,120.742,63.532,26944,50.654,"AstraZeneca - Vaxzevria,Pfizer BioNTech - Comirnaty,SII - Covishield",2021-02-22,3,3465,6.514
Saint Lucia,LCA,AMRO,REPORTING,2022-11-11,122977,60140,66.971,32.751,54971,29.936,"AstraZeneca - Vaxzevria,Janssen - Ad26.COV 2-S,Moderna - Spikevax,Pfizer BioNTech - Comirnaty,SII - Covishield",2021-02-17,5,7866,4.284
Saint Vincent and the Grenadines,VCT,AMRO,REPORTING,2022-11-11,72943,37312,65.75,33.633,31434,28.334,"AstraZeneca - Vaxzevria,Gamaleya - Gam-Covid-Vac,Gamaleya - Sputnik-Light,Pfizer BioNTech - Comirnaty,SII - Covishield",2021-02-01,5,4197,3.783
Samoa,WSM,WPRO,REPORTING,2022-09-26,440413,191071,221.967,96.299,177489,89.454,"AstraZeneca - Vaxzevria,Pfizer BioNTech - Comirnaty",2021-04-18,2,71853,36.214
San Marino,SMR,EURO,REPORTING,2022-05-22,69338,26357,204.3,76.501,23633,68.595,"Gamaleya - Gam-Covid-Vac,Pfizer BioNTech - Comirnaty",2021-02-24,2,19348,56.158
Sao Tome and Principe,STP,AFRO,REPORTING,2022-11-06,227603,127423,103.853,58.142,103569,47.257,"AstraZeneca - Vaxzevria,SII - Covishield",2021-03-15,2,32630,14.889
Saudi Arabia,SAU,EMRO,REPORTING,2022-11-10,68037059,26931916,195.431,77.36,25330765,72.761,"AstraZeneca - Vaxzevria,Beijing CNBG - BBIBP-CorV,Bharat - Covaxin,CanSino - Convidecia,Gamaleya - Gam-Covid-Vac,Gamaleya - Sputnik-Light,Janssen - Ad26.COV 2-S,Moderna - Spikevax,Pfizer BioNTech - Comirnaty,Sinovac - CoronaVac",2021-01-06,10,15774378,45.311
Senegal,SEN,AFRO,REPORTING,2022-11-20,2657183,1910386,15.87,11.409,1342023,8.015,"Beijing CNBG - BBIBP-CorV,Janssen - Ad26.COV 2-S,SII - Covishield",2021-02-23,3,612714,3.659
Serbia,SRB,EURO,REPORTING,2022-09-04,6717622,3396340,97,49.033,3321282,47.949,"AstraZeneca - Vaxzevria,Beijing CNBG - BBIBP-CorV,Gamaleya - Gam-Covid-Vac,Moderna - Spikevax,Pfizer BioNTech - Comirnaty",2020-12-23,5,0,0
Seychelles,SYC,AFRO,REPORTING,2022-11-13,218360,85720,222.03,87.161,81574,82.945,"Beijing CNBG - BBIBP-CorV,Gamaleya - Gam-Covid-Vac,Julphar - Hayat-Vax,SII - Covishield",2021-01-10,4,44156,44.898
Sierra Leone,SLE,AFRO,REPORTING,2022-11-20,5122711,3704679,64.219,46.442,2936332,36.81,"Beijing CNBG - BBIBP-CorV,SII - Covishield",2021-03-15,2,83336,1.045
Singapore,SGP,WPRO,REPORTING,2022-11-08,14754537,5168670,252.2,88.348,5127291,87.641,"AstraZeneca - Vaxzevria,Beijing CNBG - BBIBP-CorV,Moderna - Spikevax,Pfizer BioNTech - Comirnaty",2020-12-30,4,4458576,76.211
Sint Eustatius,XBA,AMRO,REPORTING,2022-11-11,4257,1791,135.616,57.056,1686,53.711,,,,780,24.849
Sint Maarten,SXM,AMRO,REPORTING,2022-11-11,65515,29788,152.78,69.465,26658,62.166,"AstraZeneca - Vaxzevria,Moderna - Spikevax,Pfizer BioNTech - Comirnaty",2021-02-22,3,9069,21.149
Slovakia,SVK,EURO,REPORTING,2022-11-13,7199439,2838788,131.9,52.013,2790462,51.127,"AstraZeneca - Vaxzevria,Gamaleya - Gam-Covid-Vac,Janssen - Ad26.COV 2-S,Moderna - Spikevax,Novavax-NUVAXOVID,Pfizer BioNTech - Comirnaty,Unknown Vaccine",2020-12-23,7,1684576,30.865
Slovenia,SVN,EURO,REPORTING,2022-11-13,3017550,1232024,144,58.784,1201564,57.33,"AstraZeneca - Vaxzevria,Janssen - Ad26.COV 2-S,Moderna - Spikevax,Novavax-NUVAXOVID,Pfizer BioNTech - Comirnaty,Unknown Vaccine",2020-12-23,6,655614,31.281
Solomon Islands,SLB,WPRO,REPORTING,2022-10-30,551421,319077,80.279,46.453,217619,31.682,"AstraZeneca - Vaxzevria,Beijing CNBG - BBIBP-CorV,Pfizer BioNTech - Comirnaty,SII - Covishield",2021-03-23,4,17469,2.543
Somalia,SOM,EMRO,REPORTING,2022-11-15,8134037,7137557,51.179,44.909,5938186,37.363,"AstraZeneca - Vaxzevria,Beijing CNBG - BBIBP-CorV,Bharat - Covaxin,CanSino - Convidecia,Gamaleya - Gam-Covid-Vac,Gamaleya - Sputnik-Light,Janssen - Ad26.COV 2-S,Moderna - Spikevax,Pfizer BioNTech - Comirnaty,SII - Covishield,Sinovac - CoronaVac",2021-03-16,11,,
South Africa,ZAF,AFRO,REPORTING,2022-11-20,37915803,23893071,63.93,40.286,20964218,35.348,"Janssen - Ad26.COV 2-S,Pfizer BioNTech - Comirnaty",2021-02-17,2,3825486,6.45
South Sudan,SSD,AFRO,REPORTING,2022-11-20,2203626,2153336,19.686,19.237,2111357,18.862,"Janssen - Ad26.COV 2-S,SII - Covishield",2021-04-06,2,,
Spain,ESP,EURO,REPORTING,2022-11-13,108666828,41294741,229.6,87.244,37489144,79.204,"AstraZeneca - Vaxzevria,Janssen - Ad26.COV 2-S,Moderna - Spikevax,Pfizer BioNTech - Comirnaty",2020-12-30,4,26198760,55.35
Sri Lanka,LKA,SEARO,REPORTING,2022-10-30,40116590,17143761,187.345,80.061,14752827,68.896,"AstraZeneca - Vaxzevria,Beijing CNBG - BBIBP-CorV,Gamaleya - Gam-Covid-Vac,Moderna - Spikevax,Pfizer BioNTech - Comirnaty,SII - Covishield",2021-01-29,6,8220002,38.387
Sudan,SDN,EMRO,REPORTING,2022-11-13,11735049,9197424,26.762,20.975,7230627,16.49,"AstraZeneca - Vaxzevria,Beijing CNBG - BBIBP-CorV,Bharat - Covaxin,CanSino - Convidecia,Gamaleya - Gam-Covid-Vac,Gamaleya - Sputnik-Light,Janssen - Ad26.COV 2-S,Moderna - Spikevax,Pfizer BioNTech - Comirnaty,SII - Covishield,Sinovac - CoronaVac",2021-03-09,11,492817,1.124
Suriname,SUR,AMRO,REPORTING,2022-11-11,554588,267820,94.538,45.654,237879,40.55,"AstraZeneca - Vaxzevria,Beijing CNBG - BBIBP-CorV,Moderna - Spikevax,Pfizer BioNTech - Comirnaty,SII - Covishield",2021-02-23,5,48889,8.334
Sweden,SWE,EURO,REPORTING,2022-11-13,22969617,7506844,222.4,72.687,7369199,71.354,"AstraZeneca - Vaxzevria,Moderna - Spikevax,Novavax-NUVAXOVID,Pfizer BioNTech - Comirnaty,Unknown Vaccine",2020-12-23,5,5540319,53.646
Switzerland,CHE,EURO,REPORTING,2022-11-13,16397741,6094557,189.5,70.817,5719834,66.463,"Janssen - Ad26.COV 2-S,Moderna - Spikevax,Moderna – Spikevax Bivalent Original/Omicron BA.1,Novavax-NUVAXOVID,Pfizer BioNTech - Comirnaty,Pfizer BioNTech - Comirnaty Bivalent Original/Omicron BA.1",2020-12-23,6,4643237,53.953
Syrian Arab Republic,SYR,EMRO,REPORTING,2022-10-16,4777586,3050850,27.299,17.433,2105113,12.029,"AstraZeneca - Vaxzevria,Beijing CNBG - BBIBP-CorV,Bharat - Covaxin,CanSino - Convidecia,Gamaleya - Gam-Covid-Vac,Gamaleya - Sputnik-Light,Janssen - Ad26.COV 2-S,Moderna - Spikevax,Pfizer BioNTech - Comirnaty,SII - Covishield,Sinovac - CoronaVac",2021-04-01,11,75881,0.434
Tajikistan,TJK,EURO,REPORTING,2022-08-21,15441380,5282863,161.9,55.39,5120562,53.688,"AstraZeneca - Vaxzevria,Gamaleya - Gam-Covid-Vac,Moderna - Spikevax,Pfizer BioNTech - Comirnaty,SII - Covishield,Sinovac - CoronaVac",2021-03-24,6,4951036,51.91
Thailand,THA,SEARO,REPORTING,2022-11-11,137976764,57376849,197.675,82.202,53923816,77.255,"AstraZeneca - Vaxzevria,Beijing CNBG - BBIBP-CorV,Janssen - Ad26.COV 2-S,Moderna - Spikevax,Pfizer BioNTech - Comirnaty,SII - Covishield,SII - Covovax,Sinovac - CoronaVac",2021-02-28,8,26676099,38.218
The United Kingdom,GBR,EURO,REPORTING,2022-09-11,151248820,53813491,222.8,79.068,50762968,74.586,"AstraZeneca - Vaxzevria,Moderna - Spikevax,Pfizer BioNTech - Comirnaty",2020-12-21,3,,
Timor-Leste,TLS,SEARO,REPORTING,2022-11-23,1920583,869618,145.67,65.958,773922,58.7,"AstraZeneca - Vaxzevria,Pfizer BioNTech - Comirnaty,SII - Covishield,Sinovac - CoronaVac",2021-04-07,4,277043,21.013
Togo,TGO,AFRO,REPORTING,2022-11-20,3392046,2239907,40.973,27.056,1456018,17.587,SII - Covishield,2021-03-10,1,427804,5.168
Tokelau,TKL,WPRO,REPORTING,2022-09-05,4924,1494,364.741,110.667,1494,110.667,Pfizer BioNTech - Comirnaty,2021-07-20,1,968,71.704
Tonga,TON,WPRO,REPORTING,2022-11-10,205133,88310,194.08,83.552,77464,73.29,"AstraZeneca - Vaxzevria,Pfizer BioNTech - Comirnaty",2021-04-14,2,38331,36.266
Trinidad and Tobago,TTO,AMRO,REPORTING,2022-11-11,1582784,754005,113.097,53.877,717855,51.294,"AstraZeneca - Vaxzevria,Beijing CNBG - BBIBP-CorV,Janssen - Ad26.COV 2-S,Pfizer BioNTech - Comirnaty,SII - Covishield",2021-02-17,5,169131,12.085
Tunisia,TUN,EMRO,REPORTING,2022-11-08,13155275,7210222,111.31,61.007,6384938,54.024,"AstraZeneca - Vaxzevria,Beijing CNBG - BBIBP-CorV,Bharat - Covaxin,CanSino - Convidecia,Gamaleya - Gam-Covid-Vac,Gamaleya - Sputnik-Light,Janssen - Ad26.COV 2-S,Moderna - Spikevax,Pfizer BioNTech - Comirnaty,Sinovac - CoronaVac",2021-03-13,10,1251293,10.587
Turkey,TUR,EURO,OWID,2022-11-22,152475057,57936783,,69.673,53171790,63.943,"Pfizer BioNTech - Comirnaty, Sinovac - CoronaVac, Turkovac",,3,,
Turkmenistan,TKM,EURO,REPORTING,2022-09-04,13514000,3728000,224.1,61.812,3689000,61.165,"Anhui ZL - Zifivax,AstraZeneca - Vaxzevria,Beijing CNBG - BBIBP-CorV,Gamaleya - Gam-Covid-Vac,RIBSP - QazVac,SRCVB - EpiVacCorona,Unknown Vaccine",2021-02-24,7,3340000,55.379
Turks and Caicos Islands,TCA,AMRO,REPORTING,2022-11-11,72837,32338,188.122,83.522,30288,78.227,Pfizer BioNTech - Comirnaty,2021-01-11,1,7272,18.782
Tuvalu,TUV,WPRO,REPORTING,2022-08-31,25591,9603,217.02,81.437,9322,79.054,AstraZeneca - Vaxzevria,2021-04-13,1,5528,46.879
Uganda,UGA,AFRO,REPORTING,2022-10-09,25783131,18867075,56.368,41.248,12765601,27.908,"Janssen - Ad26.COV 2-S,Moderna - Spikevax,Pfizer BioNTech - Comirnaty,SII - Covishield,Sinovac - CoronaVac",2021-03-10,5,431349,0.943
Ukraine,UKR,EURO,REPORTING,2022-02-27,31668577,15774300,72.4,36.069,15153577,34.65,"AstraZeneca - Vaxzevria,Janssen - Ad26.COV 2-S,Moderna - Spikevax,Pfizer BioNTech - Comirnaty,SII - Covishield,Sinovac - CoronaVac",2021-02-24,6,741197,1.695
United Arab Emirates,ARE,EMRO,REPORTING,2022-07-06,24922054,9991089,251.982,101.018,9792266,99.008,"AstraZeneca - Vaxzevria,Beijing CNBG - BBIBP-CorV,Bharat - Covaxin,CanSino - Convidecia,Gamaleya - Gam-Covid-Vac,Gamaleya - Sputnik-Light,Janssen - Ad26.COV 2-S,Moderna - Spikevax,Pfizer BioNTech - Comirnaty,SII - Covishield,Sinovac - CoronaVac",,11,5138699,51.956
United Republic of Tanzania,TZA,AFRO,REPORTING,2022-11-06,32893229,28204265,55.066,47.216,25798225,43.188,"Beijing CNBG - BBIBP-CorV,Janssen - Ad26.COV 2-S,Pfizer BioNTech - Comirnaty",2021-07-28,3,,
United States of America,USA,AMRO,REPORTING,2022-11-11,638658949,263905442,192.947,79.729,225043793,67.989,"Janssen - Ad26.COV 2-S,Moderna - Spikevax,Novavax-NUVAXOVID,Pfizer BioNTech - Comirnaty",2020-12-14,4,111533299,33.696
Uruguay,URY,AMRO,REPORTING,2022-11-11,8745972,3002157,251.775,86.425,2894301,83.32,"AstraZeneca - Vaxzevria,Pfizer BioNTech - Comirnaty,Sinovac - CoronaVac",2021-02-27,3,2064726,59.438
Uzbekistan,UZB,EURO,REPORTING,2022-10-30,70696770,21247096,211.2,63.483,17529078,52.374,"Anhui ZL - Zifivax,Gamaleya - Gam-Covid-Vac,Gamaleya - Sputnik-Light,Moderna - Spikevax,Pfizer BioNTech - Comirnaty,SII - Covishield,Sinovac - CoronaVac,Unknown Vaccine",2021-04-28,8,14528732,43.409
Vanuatu,VUT,WPRO,REPORTING,2022-08-28,292146,144290,95.117,46.978,131300,42.749,"AstraZeneca - Vaxzevria,Beijing CNBG - BBIBP-CorV,Janssen - Ad26.COV 2-S",2021-06-02,3,16556,5.39
Venezuela (Bolivarian Republic of),VEN,AMRO,REPORTING,2022-11-11,37860994,22157232,133.145,77.92,14287370,50.244,"Beijing CNBG - BBIBP-CorV,CIGB - CIGB-66,Finlay - Soberana-02,Gamaleya - Gam-Covid-Vac,Gamaleya - Sputnik-Light,Sinovac - CoronaVac",2021-02-22,6,651502,2.291
Viet Nam,VNM,WPRO,REPORTING,2022-11-17,263040545,90156999,270.233,92.622,84690714,87.006,"AstraZeneca - Vaxzevria,Beijing CNBG - BBIBP-CorV,CIGB - CIGB-66,Gamaleya - Gam-Covid-Vac,Moderna - Spikevax,Pfizer BioNTech - Comirnaty",2021-03-08,6,56988856,58.547
Wallis and Futuna,WLF,WPRO,REPORTING,2022-07-26,16782,6592,149.226,58.616,6989,62.147,Moderna - Spikevax,2021-03-19,1,3201,28.463
Yemen,YEM,EMRO,REPORTING,2022-11-08,1149321,917435,3.853,3.076,678732,2.276,"AstraZeneca - Vaxzevria,Beijing CNBG - BBIBP-CorV,Bharat - Covaxin,CanSino - Convidecia,Gamaleya - Gam-Covid-Vac,Gamaleya - Sputnik-Light,Janssen - Ad26.COV 2-S,Moderna - Spikevax,Pfizer BioNTech - Comirnaty,SII - Covishield,Sinovac - CoronaVac",2021-04-20,11,55725,0.187
Zambia,ZMB,AFRO,REPORTING,2022-11-20,13342255,10802844,72.576,58.762,8354107,45.442,"Beijing CNBG - BBIBP-CorV,Janssen - Ad26.COV 2-S,SII - Covishield",2021-04-14,3,995270,5.414
Zimbabwe,ZWE,AFRO,REPORTING,2022-11-13,12694853,6558577,85.413,44.127,4927696,33.154,"Beijing CNBG - BBIBP-CorV,Bharat - Covaxin,Gamaleya - Gam-Covid-Vac,Sinovac - CoronaVac",2021-02-18,4,1208580,8.132
